#Artists: id, name, hangul/stylized name, members (female|male|coed), issolo (y|n), id_parentgroup (0 to none), formation date, disband date, social media accounts (semicolon separated list), followers (PHP serialize), followerstop (max followers ever registered)
1,"100%","백퍼센트","male","n",0,"2012","","W=www.100per.kr;T=TOP_100PERCENT;V=ED9233;VS=282;I=100pergram;F=Official100percent","a:4:{s:2:"VS";i:57663;s:1:"T";s:5:"97978";s:1:"F";d:40665;s:1:"I";s:5:"37602";}",234572
2,"24K","투포케이","male","n",0,"2012","","W=cafe.daum.net/official24K;T=24K__OFFICIAL;V=EA429D;VS=355;I=24k__official;K=24K_(band)","a:3:{s:2:"VS";i:50846;s:1:"T";s:5:"76723";s:1:"I";s:6:"106152";}",234115
3,"2AM","투에이엠","male","n",0,"2008","2014","K=2AM_(band);F=2amofficial;T=follow2am","a:2:{s:1:"T";s:6:"493873";s:1:"F";d:5000000;}",5493873
4,"2NE1","투애니원","female","n",0,"2009","2017","K=2NE1;F=2NE1;T=ygladies;I=2ne1official","a:3:{s:1:"T";s:6:"156353";s:1:"F";d:8000000;s:1:"I";s:6:"296756";}",9351517
5,"2PM","투피엠","male","n",0,"2008","","W=2pm.jype.com;T=follow_2pm;F=2pm.jype;V=EF7F;VS=4;I=real_2pmstagram","a:4:{s:2:"VS";i:1310991;s:1:"T";s:7:"1161364";s:1:"F";d:5000000;s:1:"I";s:6:"192361";}",7664716
6,"2YOON","","female","n",7,"2013","2013","","",0
7,"4Minute","포미닛","female","n",0,"2009","2016","K=4Minute;F=4minute.unitedcube;W=4min.co.kr;I=4minute4nia_","a:2:{s:1:"F";d:421000;s:1:"I";s:5:"15300";}",439350
8,"F-ve dolls","파이브돌스","female","n",0,"2011","2015","K=F-ve_Dolls;","",0
9,"9Muses","나인뮤지스","female","n",0,"2010","","W=9muses.co.kr;T=9muses_;F=9musesofficial;K=Nine_Muses_(band);V=E962B9;VS=349;I=official_ninemuses","a:4:{s:2:"VS";i:48306;s:1:"T";s:5:"79243";s:1:"F";d:491000;s:1:"I";s:4:"9720";}",630200
10,"9Muses A","나인뮤지스A","female","n",9,"2016","","","",0
11,"After School","애프터스쿨","female","n",0,"2009","","W=www.pledis.co.kr/html/artist/afterschool;F=pledisAS;T=pledisnews;K=After_School_(band)","a:2:{s:1:"T";s:6:"465753";s:1:"F";d:5000000;}",5465753
12,"Agust D","민윤기","male","y",40,"2016","","I=btssugaaa;K=Suga_(rapper)","a:1:{s:1:"I";s:5:"39822";}",40396
13,"Ailee","에일리","female","y",0,"2011","","K=Ailee;T=itzailee;V=FC855;VS=43;I=aileeonline","a:3:{s:2:"VS";i:750077;s:1:"T";s:7:"1021631";s:1:"I";s:7:"1202906";}",2978393
14,"Akmu","악동뮤지션","coed","n",0,"2012","","K=Akdong_Musician;F=officialAKMU;W=www.yg-akmu.com;V=F36179;VS=189;I=akmu_suhyun","a:3:{s:2:"VS";i:510850;s:1:"F";d:994000;s:1:"I";s:7:"2056632";}",3590440
15,"Amber","엠버","female","y",65,"2015","","K=Amber_Liu_(singer);T=llama_ajol;I=ajol_llama","a:2:{s:1:"T";s:7:"2346863";s:1:"I";s:7:"5276955";}",7630195
16,"AOA","에이오에이","female","n",0,"2012","","K=AOA_(band);F=OfficialAOA;T=official_aoa;V=FEA11;VS=9;I=aoa.8","a:4:{s:2:"VS";i:1417161;s:1:"T";s:6:"308773";s:1:"F";d:3000000;s:1:"I";s:5:"98779";}",4824932
17,"AOA CREAM","","female","n",16,"2016","","","",0
18,"Apink","에이핑크","female","n",0,"2011","","K=Apink;F=Official.Apink2011;T=apink_2011;V=FDE29;VS=21;I=official.apink2011","a:4:{s:2:"VS";i:2119207;s:1:"T";s:6:"824223";s:1:"F";d:1000000;s:1:"I";s:6:"445368";}",5431102
19,"April","에이프릴","female","n",0,"2015","","K=April_(girl_group);T=april_dspmedia;F=APRIL.DSPmedia;V=FA59B;VS=78;I=official.april;Y=UCzd-QY2q6hFyNb_bn9vtWQw","a:5:{s:2:"VS";i:225483;s:1:"T";s:5:"53400";s:1:"F";d:56352;s:1:"Y";s:5:"87277";s:1:"I";s:6:"106260";}",528772
20,"ASTRO","아스트로","male","n",0,"2016","","K=Astro_(South_Korean_band);F=offclASTRO;W=cafe.daum.net/fantagio-boys;T=offclastro;V=F6F107;VS=132;I=officialastro;Y=UCZqY2yIsAM9wh3vvMwKd27g","a:5:{s:2:"VS";i:1320478;s:1:"T";s:7:"1294783";s:1:"F";d:493000;s:1:"Y";s:7:"1101794";s:1:"I";s:7:"1577187";}",5787242
22,"B.A.P","비에이피","male","n",0,"2012","","K=B.A.P_(South_Korean_band);V=FA49D;VS=79;T=BapJapanstaff;F=OFFICIALB.A.P","a:3:{s:2:"VS";i:988090;s:1:"T";s:5:"47166";s:1:"F";d:9000000;}",10035256
23,"B1A4","비원에이포","male","n",0,"2011","","K=B1A4;W=b1a4.com;F=wm.b1a4;T=_B1A4OFFICIAL;V=FE31F;VS=167;I=b1a4ganatanatda","a:4:{s:2:"VS";i:13380;s:1:"T";s:6:"351199";s:1:"F";d:287000;s:1:"I";s:6:"360276";}",1027219
24,"Baek A Yeon","백아연","female","y",0,"2012","","K=Baek_A-yeon;W=100ayeon.jype.com;T=100ayeon;F=100ayeon;I=ayeoniiiiii","a:3:{s:1:"T";s:6:"328401";s:1:"F";d:535000;s:1:"I";s:6:"426738";}",1291823
25,"Baekhyun","변백현","male","y",61,"2015","","K=Byun_Baek-hyun;I=baekhyunee_exo;T=b_hundred_hyun","a:2:{s:1:"T";s:7:"1542721";s:1:"I";s:8:"13539555";}",15082276
26,"Beast","비스트","male","n",0,"2009","2016","K=Highlight_(band);F=beast.unitedcube;T=b2st_official;V=FE025;VS=19;I=yysbeast","a:4:{s:2:"VS";i:1269196;s:1:"T";s:4:"2520";s:1:"F";d:1000000;s:1:"I";s:7:"1313071";}",3653545
27,"BESTie","베스티","female","n",0,"2013","","K=Bestie_(band);F=bestiestory;T=officialBESTie","a:2:{s:1:"T";s:5:"31037";s:1:"F";d:143000;}",177270
28,"BIGBANG","빅뱅","male","n",0,"2006","","V=F13F;VS=2;W=bigbangmusic.info;T=_BBmusic;F=BIGBANG.BB.music;K=Big_Bang_(South_Korean_band);I=2ne1official","a:4:{s:2:"VS";i:5067591;s:1:"T";s:5:"15946";s:1:"F";d:5593;s:1:"I";s:6:"296772";}",5385902
29,"BIGBANG + 2NE1","","coed","n",0,"2009","2009","","",0
30,"Bigstar","빅스타","male","n",0,"2012","","K=Big_Star_(South_Korean_band);T=bravebigstar;W=bigstar.bravesound.com;F=bravesoundbigstar;V=E5B32F;VS=408;I=bravebigstar","a:4:{s:2:"VS";i:28458;s:1:"T";s:5:"24878";s:1:"F";d:19310;s:1:"I";s:5:"25779";}",98450
31,"Blackpink","블랙핑크","female","n",0,"2016","","K=Black_Pink;F=BLACKPINKOFFICIAL;T=ygofficialblink;V=F001E5;VS=243;I=blackpinkofficial;Y=UCOmHUn--16B90oW2L6FRR3A","a:5:{s:2:"VS";i:4402598;s:1:"T";s:7:"1160736";s:1:"F";d:6000000;s:1:"Y";s:8:"13502811";s:1:"I";s:8:"12883413";}",37949558
32,"Block B","블락비","male","n",0,"2011","","K=Block_B;F=BlockBOfficial;W=cafe.daum.net/BB-Club;T=blockb_official;V=FBA71;VS=57;I=blockb_official_","a:4:{s:2:"VS";i:1119184;s:1:"T";s:6:"503528";s:1:"F";d:4000000;s:1:"I";s:6:"173602";}",5796314
33,"BoA","권보아","female","y",0,"2000","","K=BoA;F=boa.smtown;T=boakwon;I=boakwon","a:3:{s:1:"T";s:7:"3405996";s:1:"F";d:3000000;s:1:"I";s:7:"2999752";}",9422922
34,"Boyfriend","보이프렌드","male","n",0,"2011","","K=Boyfriend_(band);F=officialBF;T=g_boyfriend;W=cafe.daum.net/BOYFRIEND;V=F2419D;VS=207;I=boyfriend_6","a:4:{s:2:"VS";i:256999;s:1:"T";s:6:"347541";s:1:"F";d:3000000;s:1:"I";s:6:"124705";}",3748269
35,"Boys Republic","소년공화국","male","n",0,"2013","","K=Boys_Republic_(band);F=BOYSREPUBLIC.5;T=officialboysrep;W=cafe.daum.net/BoysRepublic;V=F3E169;VS=181;I=official_boysrepublic","a:4:{s:2:"VS";i:124157;s:1:"T";s:5:"48210";s:1:"F";d:27251;s:1:"I";s:5:"83630";}",283376
36,"Brave Girls","브레이브걸스","female","n",0,"2011","","K=Brave_Girls;T=bravegirls_;I=bravegirls.official;F=bravegirls.official","a:3:{s:1:"T";s:5:"13584";s:1:"F";d:3914;s:1:"I";s:5:"31623";}",49649
37,"Brown Eyed Girls","브라운 아이드 걸스","female","n",0,"2006","","K=Brown_Eyed_Girls;T=officialbeg;F=officialBEG;V=FAA91;VS=73","a:3:{s:2:"VS";i:155432;s:1:"T";s:5:"51022";s:1:"F";d:306000;}",513660
38,"BTOB","비투비","male","n",0,"2012","","K=BtoB_(band);F=BTOBofficial;W=www.btobofficial.com;T=officialbtob;V=FD737;VS=28;I=cube_official_btob","a:4:{s:2:"VS";i:2026331;s:1:"T";s:7:"1395144";s:1:"F";d:4000000;s:1:"I";s:6:"168054";}",7589529
39,"BTOB Blue","비투비 블루","male","n",38,"2016","","","",0
40,"BTS","방탄소년단","male","n",0,"2013","","K=BTS_(band);F=bangtan.official;W=bts.ibighit.com;T=bts_bighit;V=FE619;VS=13;I=bts.bighitofficial","a:4:{s:2:"VS";i:11199510;s:1:"T";s:8:"12806538";s:1:"F";d:8000000;s:1:"I";s:8:"14156210";}",46162258
41,"Chen","김종대","male","y",61,"2011","","","",0
42,"Chen + Heize","","coed","n",0,"2016","","","",0
43,"Cho A","박초아","female","y",16,"2015","","","I=queenchoa_;K=Park_Cho-a",0
44,"CL","이채린","female","y",4,"2013","","K=CL_(singer);T=chaelincl;I=chaelincl;Y=UCkz9_MzSLqpLfgHD8jmI8iA;F=ChaelinCL","a:4:{s:1:"T";s:7:"1142927";s:1:"F";d:803000;s:1:"Y";s:6:"654779";s:1:"I";s:7:"7356204";}",9956910
45,"CLC","씨엘씨","female","n",0,"2015","","K=CLC_(band);T=cubeclc;W=cafe.daum.net/CUBE-CLC;F=CLC.UnitedCube;V=F2E189;VS=197;Y=UCnOTemIK0FqCe2FHbr9mWFw;I=cube_clc_official","a:5:{s:2:"VS";i:288437;s:1:"T";s:6:"173061";s:1:"F";d:223000;s:1:"Y";s:6:"374779";s:1:"I";s:6:"184586";}",1243863
46,"CNBlue","씨엔블루","male","n",0,"2009","","K=CNBLUE;F=CNBLUEOfficial;T=cnblue_4;W=fncent.com/CNBLUE;V=EBFF;VS=8;U=cnblue;I=cnbluegt","a:5:{s:2:"VS";i:1396395;s:1:"T";s:7:"1505943";s:1:"I";s:7:"2158333";s:1:"F";d:2000000;s:1:"Y";s:6:"874973";}",10210374
47,"Crayon Pop","크레용팝","female","n",0,"2012","2017","K=Crayon_Pop;F=crayonpop;T=crayonpop;V=F061D9;VS=237;I=crayonpop_official_","a:4:{s:2:"VS";i:36728;s:1:"T";s:5:"44915";s:1:"F";d:263000;s:1:"I";s:5:"16152";}",363853
48,"Cross Gene","크로스진","male","n",0,"2012","","K=Cross_Gene;T=cross_gene;F=CROSSGENE.Official;V=F131BF;VS=224;U=amusekr;I=cross_gene_official","a:5:{s:2:"VS";i:79132;s:1:"T";s:6:"102897";s:1:"F";d:157000;s:1:"Y";s:6:"195807";s:1:"I";s:6:"134493";}",699968
49,"Crush","크러쉬","male","y",0,"2012","","K=Crush_(singer);F=crush9244;T=crush9244;I=crush9244","a:3:{s:1:"T";s:6:"177598";s:1:"F";d:424000;s:1:"I";s:7:"1702111";}",2303709
50,"D.O. + Yoo Young Jin","","male","n",0,"2016","2016","","",0
51,"Dal★Shabet","달샤벳","female","n",0,"2011","2017","K=Dal_Shabet;F=dalshabethappy;T=dalshabet;I=dalshabetofficial;U=dalshabet","a:4:{s:1:"T";s:5:"36607";s:1:"F";d:288000;s:1:"I";s:5:"11942";s:1:"Y";s:5:"47128";}",384815
52,"Dalmatian (DMTN)","달마시안","male","n",0,"2010","2014","F=dalmatianband;K=DMTN;T=dmtn_dalmatian","a:2:{s:1:"T";s:4:"1659";s:1:"F";d:1593;}",3318
53,"Davichi","다비치","female","n",0,"2008","","K=Davichi;F=officialdavichi;T=officialdavichi;V=C6B70F;VS=904","a:3:{s:2:"VS";i:4447;s:1:"T";s:5:"12736";s:1:"F";d:161000;}",178183
54,"Day6","데이식스","male","n",0,"2015","","K=Day6;F=day6official;T=day6official;W=day6.jype.com;V=F4F147;VS=164;I=day6kilogram;Y=UCp-pqXsizklX3ZHvLxXyhxw","a:5:{s:2:"VS";i:658599;s:1:"T";s:6:"830218";s:1:"F";d:413000;s:1:"Y";s:6:"457819";s:1:"I";s:7:"1300840";}",3660476
55,"Dia","다이아","female","n",0,"2015","","K=DIA_(band);T=dia_official;V=F3D16B;VS=182;I=mbk.dia","a:3:{s:2:"VS";i:215168;s:1:"T";s:5:"64565";s:1:"I";s:6:"189505";}",470074
56,"Dreamcatcher","드림캐쳐","female","n",0,"2017","","K=Dreamcatcher_(band);W=www.dreamcatcher7.com;V=E8D2CB;VS=358;I=hf_dreamcatcher","a:2:{s:2:"VS";i:118930;s:1:"I";s:6:"156985";}",467455
57,"Epik High","에픽하이","male","n",0,"2003","","K=Epik_High;F=EPIKHIGH;V=F97B7;VS=92;Y=UCTcEu0jaf3DrsTjnGwwvsvA","a:3:{s:2:"VS";i:304301;s:1:"F";d:791000;s:1:"Y";s:6:"526769";}",1622070
58,"Eric Nam","에릭남","male","y",0,"2012","","K=Eric_Nam;W=www.ericnam.com;F=ericnamofficial;T=ericnamofficial;V=FD33F;VS=32","a:3:{s:2:"VS";i:784275;s:1:"T";s:6:"859801";s:1:"F";d:754000;}",2398076
59,"Eric Nam + Somi","","coed","n",0,"2017","2017","","",0
60,"EXID","이엑스아이디","female","n",0,"2012","","K=EXID;F=EXIDOfficial;W=cafe.daum.net/exid;T=exidofficial;V=F9BAF;VS=88;I=exidofficial","a:4:{s:2:"VS";i:1408287;s:1:"T";s:6:"479974";s:1:"I";s:6:"921875";s:1:"F";d:665000;}",3475136
61,"EXO","엑소","male","n",0,"2011","","K=Exo_(band);W=exo.smtown.com;T=weareoneEXO;F=weareoneEXO;V=F94BD;VS=95;I=weareone.exo","a:4:{s:2:"VS";i:6370163;s:1:"T";s:7:"4152742";s:1:"F";d:6000000;s:1:"I";s:7:"4001066";}",20817567
62,"EXO CBX","첸백시","male","n",61,"2016","","","",0
63,"EXO-12","","male","n",61,"2016","","","",0
64,"EXO-M","","male","n",61,"2016","","","",0
65,"F(x)","에프엑스","female","n",0,"2009","","K=F(x)_(band);W=fx.smtown.com;F=fx.smtown;I=fx.official","a:2:{s:1:"I";s:6:"304553";s:1:"F";d:3000000;}",3311302
66,"Fiestar","피에스타","female","n",0,"2012","2018","K=Fiestar","",0
67,"FTISLAND","FT아일랜드","male","n",0,"2007","","K=F.T._Island;F=FTISLAND;V=FE913;VS=10;T=ft_fanclub;I=officialftisland","a:4:{s:2:"VS";i:736589;s:1:"T";s:5:"66247";s:1:"I";s:6:"126206";s:1:"F";d:2000000;}",2939459
68,"G-DRAGON","권지용","male","y",28,"2009","","K=G-Dragon;F=gdragon;T=ibgdrgn;I=xxxibgdrgn","a:3:{s:1:"T";s:7:"9069856";s:1:"F";d:9000000;s:1:"I";s:8:"16128685";}",34204614
69,"G.na","최지나","female","y",0,"2011","2016","K=G.NA;F=gna.unitedcube;T=ginachoi87","a:2:{s:1:"T";s:6:"506165";s:1:"F";d:131000;}",638617
70,"Gain","가인","female","y",37,"2010","","K=Gain_(singer);F=OfficialGain","a:1:{s:1:"F";d:82820;}",83779
71,"Gary","개리","male","y",131,"2014","","","",0
72,"Gary + Jung In","","coed","n",0,"2014","","","",0
73,"GD + TAEYANG","","male","n",28,"2014","","","",0
74,"GD + T.O.P.","","male","n",28,"2010","","","",0
75,"Geeks + Soyou","","coed","n",0,"2012","","","",0
76,"GFriend","여자친구","female","n",0,"2015","","K=GFriend;F=gfrdofficial;W=cafe.daum.net/gfrdofficial;T=gfrdofficial;V=F73FF;VS=128;I=gfriendofficial","a:4:{s:2:"VS";i:1196709;s:1:"T";s:6:"786924";s:1:"F";d:437000;s:1:"I";s:7:"2036848";}",4457481
77,"Girl's Day","걸스데이","female","n",0,"2010","","K=Girl%27s_Day;F=dai5y.gsd;T=girls_day;V=FDF27;VS=20;I=dte_girlsday;U=girlsday5","a:5:{s:2:"VS";i:1332582;s:1:"T";s:6:"249118";s:1:"Y";s:6:"576548";s:1:"I";s:5:"49501";s:1:"F";d:938000;}",3145749
78,"Girls' Generation","소녀시대","female","n",0,"2007","2017","K=Girls%27_Generation;W=girlsgeneration.smtown.com;F=girlsgeneration;T=girlsgeneration;U=GIRLSGENERATION;I=girlsgeneration","a:4:{s:1:"T";s:7:"3327818";s:1:"F";d:7000000;s:1:"Y";s:7:"1782280";s:1:"I";s:6:"409344";}",12519442
79,"Girls&#39; Generation TTS","","female","n",78,"2012","","","",0
80,"GOT7","갓세븐","male","n",0,"2014","","K=Got7;T=got7official;F=GOT7Official;W=got7.jype.com;V=ECDF;VS=7;U=got7SMEJ;I=got7.with.igot7","a:5:{s:2:"VS";i:5311347;s:1:"T";s:7:"5769197";s:1:"F";d:2000000;s:1:"Y";s:6:"340437";s:1:"I";s:7:"3120824";}",17791601
81,"Gugudan","구구단","female","n",0,"2016","","K=Gugudan;T=gu9udan;W=cafe.daum.net/gu9udan;F=gu9udan;V=F0F1C7;VS=228","a:3:{s:2:"VS";i:227378;s:1:"T";s:6:"130416";s:1:"F";d:110000;}",467794
82,"Goo Hara","구하라","female","y",117,"","","K=Goo_Hara;F=Official.HaraGoo.KARA","a:1:{s:1:"F";d:17442;}",17444
83,"Hellovenus","헬로비너스","female","n",0,"2012","","K=Hello_Venus;W=www.fantagio.kr/artists/hellovenus;F=chHelloVenus;T=chhellovenus","a:2:{s:1:"T";s:5:"78467";s:1:"F";d:557000;}",641037
84,"Henry","劉憲華","male","y",191,"","","K=Henry_Lau;F=HenrysStrings;T=henrylau89","a:2:{s:1:"T";s:7:"3348415";s:1:"F";d:517000;}",3898912
85,"HI SUHYUN","","female","n",0,"","","","",0
86,"Highlight","하이라이트","male","n",26,"2017","","K=Highlight_(band);F=beast.unitedcube;T=b2st_official;V=E9A2B1;VS=345;I=yysbeast","a:4:{s:2:"VS";i:476121;s:1:"T";s:4:"2484";s:1:"F";d:1000000;s:1:"I";s:7:"1312838";}",2851688
87,"History","히스토리","male","n",0,"2013","2017","K=History_(band);U=HISTORYloen","a:1:{s:1:"Y";s:5:"10712";}",10712
88,"Hyolyn","김효정","female","y",174,"","","K=Hyolyn;F=hyolyn.official;T=officialhyolyn_;V=D734FF;VS=640","a:3:{s:2:"VS";i:24006;s:1:"T";s:5:"14935";s:1:"F";d:34415;}",73356
89,"Hyolyn + Bumkey + JooYoung","","coed","n",0,"","","","",0
90,"Hyolyn + JooYoung","","coed","n",0,"","","","",0
91,"Hyolyn + Zico + Paloalto","","coed","n",0,"","","","",0
92,"Hyukoh","혁오","male","n",0,"","","K=Hyukoh;T=hyukohh","a:1:{s:1:"T";s:5:"43834";}",43891
93,"Hyuna","현아","female","y",7,"2011","","K=Hyuna;W=cafe.daum.net/cube-hyuna;F=hyuna.unitedcube;V=F071D7;VS=236","a:2:{s:2:"VS";i:423583;s:1:"F";d:71620;}",495203
94,"I.O.I","아이오아이","female","n",0,"2016","2017","K=I.O.I;F=ioi.official.page","a:1:{s:1:"F";d:119000;}",119850
95,"iKON","아이콘","male","n",0,"","","K=IKon_(South_Korean_band);F=OfficialYGiKON;T=ikon_yg;V=FD241;VS=33;I=withikonic","a:4:{s:2:"VS";i:3090802;s:1:"T";s:6:"243728";s:1:"I";s:7:"2519718";s:1:"F";d:1000000;}",6854248
96,"Infinite","인피니트","male","n",0,"2010","","K=Infinite_(band);F=ifnt7;T=Official_IFNT;W=woolliment.phps.kr/artists/main_infinite.php;V=FE815;VS=11;I=official_ifnt_","a:4:{s:2:"VS";i:2025224;s:1:"T";s:6:"687335";s:1:"I";s:6:"373220";s:1:"F";d:3000000;}",6085779
97,"Infinite H","","male","n",96,"2013","","","",0
98,"IU","이지은","female","y",0,"2008","","K=IU_(singer);F=iu.loen;T=_IUofficial;W=ifaveent.co.kr/?p=11;V=FA895;VS=75;I=dlwlrma","a:4:{s:2:"VS";i:1812755;s:1:"T";s:7:"1151291";s:1:"F";d:3000000;s:1:"I";s:7:"6833309";}",12797355
99,"IU + Fiestar","","female","n",0,"","","","",0
100,"IU + HIGH4","","coed","n",0,"","","","",0
101,"IU + Yoon Hyun Sang","","coed","n",0,"","","","",0
102,"J-Min","오지민","female","y",0,"","","K=J-Min;F=JMin.smtown;W=j-min.smtown.com;T=oh_jimin","a:2:{s:1:"T";s:5:"41993";s:1:"F";d:4071;}",46274
103,"Jenyer","전지윤","female","y",7,"2016","","K=Jeon_Ji-yoon;V=E4435D;VS=431;T=officialJenyer","a:2:{s:2:"VS";i:11550;s:1:"T";s:4:"4142";}",15692
104,"Jessica","정수연","female","y",78,"2016","","K=Jessica_Jung;T=syjessicca;V=F3517B;VS=190","a:2:{s:2:"VS";i:658057;s:1:"T";s:4:"4957";}",663014
105,"Jimin","신지민","female","y",16,"2016","","K=Shin_Ji-min;W=fncent.com/JIMIN","",0
106,"Park Jimin","박지민","female","y",241,"2012","","K=Park_Ji-min;I=jiminxjamie;T=jiminpark07","a:2:{s:1:"T";s:6:"581286";s:1:"I";s:6:"890355";}",1471942
107,"JJ Project","제이제이 프로젝트","male","n",80,"2012","","K=JJ_Project;W=jjproject.jype.com;","",0
108,"JJCC","제이제이씨씨","male","n",0,"","","K=JJCC;T=officialjjcc;W=cafe.daum.net/doublejc;F=DoubleJCofficial;V=FA699;VS=77","a:3:{s:2:"VS";i:121720;s:1:"T";s:5:"27594";s:1:"F";d:41946;}",191682
109,"Jonghyun","김종현","male","y",172,"2008","2017","K=Kim_Jong-hyun_(singer)","",0
110,"JUNIEL","최서아","female","y",0,"","","K=Juniel;T=junielism;F=officialjuniel;V=DC2461;VS=561","a:3:{s:2:"VS";i:6633;s:1:"T";s:6:"202002";s:1:"F";d:309000;}",523674
111,"JYJ","","male","n",207,"2010","","K=JYJ;F=CJESJYJ;W=www.c-jes.com","a:1:{s:1:"F";d:4000000;}",4000000
112,"JYPark","박진영","male","y",0,"","","K=J._Y._Park;F=followjyp;W=jyp.jype.com;T=followjyp","a:2:{s:1:"T";s:6:"928047";s:1:"F";d:518000;}",1458542
113,"K.A.R.D","카드","coed","n",0,"","","K=Kard_(band);W=www.kard-official.com;F=officialkard;T=kard_official;V=E6431D;VS=399;I=official_kard","a:4:{s:2:"VS";i:612966;s:1:"T";s:6:"371336";s:1:"F";d:411000;s:1:"I";s:7:"1848675";}",3243977
114,"K.will","케이윌","male","y",0,"2007","","K=K.Will;F=officialkwill","a:1:{s:1:"F";d:4000000;}",5000000
115,"K.will + Baekhyun","","male","n",0,"","","","",0
116,"K.will + Davichi","","coed","n",0,"","","","",0
117,"Kara","","female","n",0,"2007","2016","K=Kara_(South_Korean_band);T=kara_dsp;F=dspofficialkara","a:2:{s:1:"T";s:5:"84906";s:1:"F";d:826000;}",916722
118,"Kim HeeChul + WheeIn","","coed","n",0,"","","","",0
119,"Kim Sejeong","김세정","female","y",81,"","","K=Kim_Se-jeong","",0
120,"Kisum","조혜령","female","y",0,"","","K=Kisum;F=Kisumofficial;V=F82E1;VS=113","a:2:{s:2:"VS";i:99467;s:1:"F";d:157000;}",259587
121,"Kisum + Homme","","female","n",0,"","","","",0
122,"Kisum + Hwasa","","female","n",0,"","","","",0
123,"KYUHYUN","조규현","male","y",189,"","2017","K=Cho_Kyuhyun;W=kyuhyun.smtown.com/Intro;T=gaemgyu;I=gyuram88","a:2:{s:1:"T";s:7:"1768797";s:1:"I";s:6:"603760";}",2385537
124,"Kyung Park","박경","male","y",32,"2011","","K=Park_Kyung;T=kyungpark1992;I=qkrrud78","a:2:{s:1:"T";s:6:"592220";s:1:"I";s:6:"522858";}",1142262
125,"Laboum","라붐","female","n",0,"2014","","K=Laboum;F=officialLABOUM;T=officialLABOUM;W=cafe.daum.net/officialLABOUM;V=EF81F5;VS=251;I=officiallaboum","a:4:{s:2:"VS";i:63203;s:1:"T";s:5:"46978";s:1:"F";d:128000;s:1:"I";s:5:"54348";}",292529
126,"Ladies&#39; code","레이디스 코드","female","n",0,"2013","","K=Ladies%27_Code;F=polaris.lc;V=F60125;VS=147;T=polaris_lc;I=ladiescode_official","a:4:{s:2:"VS";i:111835;s:1:"T";s:5:"78724";s:1:"F";d:272000;s:1:"I";s:5:"44875";}",510382
127,"Lay","레이","male","y",61,"2012","","I=zyxzjs;K=Lay_(entertainer);T=zyxzjx","a:2:{s:1:"T";s:4:"2347";s:1:"I";s:7:"9230457";}",9232804
128,"Lee Hi","이하이","female","y",0,"2012","","K=Lee_Hi;F=OfficialLEEHI;Y=UCT86dWwZWeJWGQCDzbipU-A;V=F57137;VS=156;I=leehi_hi","a:4:{s:2:"VS";i:279618;s:1:"F";d:7000000;s:1:"Y";s:6:"731297";s:1:"I";s:7:"1713880";}",9724795
129,"Lee Hyori","이효리","female","y",0,"1998","","K=Lee_Hyori;I=hyoleehyolee","a:1:{s:1:"I";s:6:"598628";}",612006
130,"Lee Seung Gi","이승기","male","y",0,"2004","","K=Lee_Seung-gi;W=www.leeseunggi.com;I=leeseunggi.official","a:1:{s:1:"I";s:6:"705812";}",705812
131,"LeeSSang","리쌍","male","n",0,"2002","","K=Leessang;U=Leessang","",0
132,"Lim Chang Jung","임창정","male","y",0,"1995","","K=Im_Chang-jung;I=imchangjung3309","a:1:{s:1:"I";s:5:"67614";}",67614
133,"Lim Kim","김예림","female","y",0,"2011","2016","K=Lim_Kim;I=limkim12121;F=officiallimkim;T=limkim12121","a:3:{s:1:"T";s:4:"1069";s:1:"F";d:193000;s:1:"I";s:5:"25957";}",223689
134,"Lovelyz","러블리즈","female","n",0,"2014","","K=Lovelyz;I=official_lvlz8_;F=lvlz8;T=Official_LVLZ;V=FB183;VS=66;W=www.lvlz8.com","a:4:{s:2:"VS";i:582471;s:1:"T";s:6:"289077";s:1:"F";d:108000;s:1:"I";s:6:"216253";}",1195801
135,"Luna","박선영","female","y",65,"","","K=Luna_(singer);W=luna.smtown.com;T=listenluna;I=hermosavidaluna","a:2:{s:1:"T";s:5:"11437";s:1:"I";s:7:"1495902";}",1507339
136,"Lyn","린","female","y",0,"","","K=Lyn_(singer);I=lovelyn_i;Y=UCZAdaUPmqlFfS0i29X9UAoA;F=lovelyn.sejin","a:3:{s:1:"F";d:5510;s:1:"Y";s:4:"7430";s:1:"I";s:5:"62915";}",75855
137,"Mad Clown","조동림","male","y",0,"","","K=Mad_Clown;F=officialmadc;T=real_mad_clown","a:2:{s:1:"T";s:5:"88951";s:1:"F";d:373000;}",469463
138,"Mamamoo","마마무","female","n",0,"","","K=Mamamoo;F=RBW.MAMAMOO;W=cafe.daum.net/mamamoo;T=RBW_MAMAMOO;V=FCD4B;VS=38;I=mamamoo_official;Y=UCuhAUMLzJxlP1W7mEk0_6lA","a:5:{s:2:"VS";i:1427015;s:1:"T";s:6:"593979";s:1:"F";d:662000;s:1:"Y";s:7:"1015228";s:1:"I";s:6:"803254";}",4501476
139,"Max","최강창민","male","y",207,"","","K=Changmin;I=changmin88","a:1:{s:1:"I";s:7:"1120270";}",1120270
140,"MBLAQ","엠블랙","male","n",0,"2009","","K=MBLAQ;T=MBLAQ_CAMP;F=jtunecampofficial;U=jtunecamp","a:3:{s:1:"T";s:5:"23539";s:1:"F";d:39521;s:1:"Y";s:6:"220691";}",283751
141,"Minah","방민아","female","y",77,"2015","","K=Bang_Min-ah;I=bbang_93;T=girls_day_minah","a:2:{s:1:"T";s:6:"356611";s:1:"I";s:6:"988756";}",1350215
142,"Miss A","미쓰에이","female","n",0,"2010","2017","K=Miss_A;F=saymissA;T=jypemissa;V=EE9F;VS=5","a:3:{s:1:"T";s:6:"405519";s:1:"F";d:2000000;s:2:"VS";i:1127620;}",3814697
143,"Monsta X","몬스타엑스","male","n",0,"2015","","K=Monsta_X;F=OfficialMonstaX;T=officialmonstax;I=official_monsta_x;V=FE123;VS=18","a:4:{s:2:"VS";i:2259937;s:1:"T";s:7:"2665103";s:1:"F";d:2000000;s:1:"I";s:7:"2859139";}",9784179
144,"Moon Byul + Hwasa","","female","n",138,"","","","",0
145,"Moon Hyuna","문현아","female","y",9,"2017","","I=moongom119;T=moongom119;F=moongom119","a:3:{s:1:"T";s:5:"40500";s:1:"F";d:9624;s:1:"I";s:6:"106769";}",157484
146,"MYNAME","마이네임","male","n",0,"2011","","K=Myname;T=myname_jp;W=www.myname-jp.com;V=EF1203;VS=258","a:2:{s:2:"VS";i:68275;s:1:"T";s:5:"39606";}",108202
147,"Nasty Nasty","","female","n",0,"","","","",0
148,"NCT 127","엔시티","male","n",0,"2016","","K=NCT_(band);W=nct.smtown.com;T=nctsmtown_127;F=NCT.smtown;I=nct;V=F3C16D;VS=183","a:4:{s:2:"VS";i:2155957;s:1:"T";s:7:"1116797";s:1:"F";d:670000;s:1:"I";s:7:"2905151";}",6847905
149,"NCT DREAM","","male","n",148,"2016","","","",0
150,"NCT U","","male","n",149,"","","","",0
151,"NU&#39;EST","뉴이스트","male","n",0,"2012","","K=NU%27EST;T=nuestnews;F=pledisnuest;W=http://www.nuest.co.kr;I=pledisnuest;V=F59133;VS=154","a:4:{s:1:"T";s:6:"665158";s:1:"F";d:8000000;s:1:"I";s:5:"89462";s:2:"VS";i:770004;}",9524624
152,"Oh My Girl","오마이걸","female","n",0,"2015","","K=Oh_My_Girl;Y=UC-qYkzKFdekoEniRu_FS3zg;F=official.ohmygirl;W=www.ohmy-girl.com;I=wm_ohmygirl;V=F51143;VS=162","a:4:{s:2:"VS";i:375499;s:1:"F";d:127000;s:1:"Y";s:6:"190742";s:1:"I";s:6:"459005";}",1152246
153,"Orange Caramel","오렌지 캬라멜","female","n",11,"2010","","K=Orange_Caramel","",0
154,"Park Bom","박봄","female","y",4,"2006","","K=Park_Bom;T=haroobomkum;I=newharoobompark;F=haroobommi21","a:3:{s:1:"T";s:7:"1721077";s:1:"F";d:52612;s:1:"I";s:7:"1847498";}",3632613
155,"Park BoRam","박보람","female","y",0,"2010","","K=Park_Bo-ram;I=ramramram2;F=officialparkboram;W=cafe.daum.net/officialparkboram","a:2:{s:1:"F";d:142000;s:1:"I";s:6:"245176";}",391810
156,"Pristin","프리스틴","female","n",0,"2016","","K=Pristin;F=PLEDISPRISTIN;I=pristin_official_;T=prst_official_;V=EC1263;VS=306","a:4:{s:2:"VS";i:324804;s:1:"T";s:6:"178891";s:1:"F";d:129000;s:1:"I";s:6:"612623";}",1245318
157,"PRODUCE 101","","female","n",0,"","","K=Produce_101","",0
158,"PSY","싸이","male","y",0,"2001","","K=Psy;Y=UCrDkAvwZum-UTjHmzDI2iIw;F=officialpsy;T=psy_oppa;I=42psy42;V=F90C5;VS=99","a:5:{s:2:"VS";i:403305;s:1:"T";s:7:"4499728";s:1:"F";d:5000000;s:1:"Y";s:8:"12382121";s:1:"I";s:6:"609386";}",27311563
159,"Psy + Hyuna","","coed","n",0,"","","","",0
160,"PSY + Snoop Dogg","","male","n",0,"","","","",0
161,"R3hab X f(Amber+Luna)","","coed","n",0,"","","","",0
162,"Rainbow","레인보우","female","n",0,"2009","2016","K=Rainbow_(South_Korean_band);F=Rainbow.DSP;T=rainbow_1114","a:2:{s:1:"T";s:5:"29986";s:1:"F";d:259000;}",292295
163,"rainbow blaxx","","female","n",162,"","","","",0
164,"Rainbow Pixie","","female","n",162,"","","","",0
165,"Red Velvet","레드벨벳","female","n",0,"2014","","K=Red_Velvet_(band);Y=UCk9GmdlDTBfgGRb7vXeRMoQ;F=RedVelvet;T=rvsmtown;W=redvelvet.smtown.com;I=redvelvet.smtown;V=DCF447;VS=548","a:5:{s:2:"VS";i:1260343;s:1:"T";s:7:"1231759";s:1:"F";d:1000000;s:1:"Y";s:6:"709232";s:1:"I";s:7:"6293421";}",10494755
166,"Ryeowook","김려욱","male","y",189,"","","K=Kim_Ryeowook;W=ryeowook.smtown.com;I=ryeong8706","a:1:{s:1:"I";s:6:"163635";}",166328
167,"San E","산이","male","y",0,"","","K=San_E;I=sanethebigboy;T=san_e","a:2:{s:1:"T";s:6:"307108";s:1:"I";s:6:"481615";}",797294
168,"Secret","시크릿","female","n",0,"2009","2018","K=Secret_(South_Korean_band);F=SECRET2009","a:1:{s:1:"F";d:936000;}",944948
169,"Seohyun","서현","female","y",78,"","","K=Seohyun;I=seojuhyun_s","a:1:{s:1:"I";s:7:"5367359";}",5367359
170,"SEUNGRI","승리","male","y",28,"2006","","K=Seungri;I=seungriseyo;F=officialseungri;U=OfficialSEUNGRI;T=ForvictoRi","a:4:{s:1:"F";d:3000000;s:1:"I";s:7:"8416129";s:1:"T";s:7:"2918766";s:1:"Y";s:6:"310505";}",15336616
171,"Seventeen","세븐틴","male","n",0,"2015","","K=Seventeen_(band);F=seventeennews;I=saythename_17;V=F99B3;VS=90;T=pledis_17","a:4:{s:2:"VS";i:3055674;s:1:"T";s:7:"3657437";s:1:"I";s:7:"4162078";s:1:"F";d:8000000;}",18875189
172,"SHINee","샤이니","male","n",0,"2008","","K=Shinee;F=shinee;I=shinee_jp_official;T=shinee","a:3:{s:1:"T";s:6:"778403";s:1:"F";d:7000000;s:1:"I";s:6:"711700";}",8490103
173,"Shinhwa","신화","male","n",0,"1998","","K=Shinhwa;Y=UCfLAn71HQuv5vVte_85v5AQ;I=shinhwa_official;T=ShinhwaCompany;V=EF51FB;VS=254","a:4:{s:2:"VS";i:189620;s:1:"T";s:6:"244095";s:1:"Y";s:6:"223210";s:1:"I";s:5:"85101";}",743491
174,"Sistar","씨스타","female","n",0,"2010","2017","K=Sistar;I=official_sistar;F=officialsistar;T=sistarsistar;V=FE221;VS=17","a:4:{s:2:"VS";i:1250826;s:1:"T";s:6:"700816";s:1:"F";d:1000000;s:1:"I";s:6:"202251";}",5272578
175,"Sistar19","","female","n",174,"","","","",0
176,"Solar + WheeIn","","female","n",138,"","","","",0
177,"Sonamoo","소나무","female","n",0,"2014","","K=Sonamoo;I=sonamoo_insta;V=F6511B;VS=142;F=officialsonamoo;W=cafe.daum.net/officialsonamoo","a:3:{s:2:"VS";i:88632;s:1:"F";d:47112;s:1:"I";s:5:"68424";}",204168
178,"Soyou","강지현","female","y",174,"2010","","K=Soyou;I=soooo_you;F=OfficialSoyou;T=official_soyou;V=D9D4AB;VS=598","a:4:{s:2:"VS";i:13375;s:1:"T";s:5:"15248";s:1:"F";d:12457;s:1:"I";s:7:"1331435";}",1372515
179,"Soyou + Brother Su","","coed","n",0,"","","","",0
180,"Soyou + JunggiGo","","coed","n",0,"","","","",0
181,"Soyou + Kwon Jeongyeol","","coed","n",0,"","","","",0
182,"Soyou + Baekhyun","","coed","n",0,"","","","",0
183,"SPEED","스피드","male","n",0,"2012","2016","K=Speed_(South_Korean_band)","",0
184,"SPICA","스피카","female","n",0,"2012","2017","K=Spica_(band);T=SPICA;F=officialspica;U=spicaofficial","a:3:{s:1:"T";s:5:"17992";s:1:"F";d:35352;s:1:"Y";s:5:"47289";}",101701
185,"SS501","더블에스오공일","male","n",0,"2005","2010","K=SS501;I=ss501new","a:1:{s:1:"I";s:5:"51010";}",51010
186,"Stellar","스텔라","female","n",0,"2011","2018","K=Stellar_(South_Korean_band);I=official_stellar;V=F1E1A9;VS=213","a:2:{s:2:"VS";i:61472;s:1:"I";s:5:"47384";}",110172
187,"Subin","박수빈","female","y",51,"2011","","K=Park_Subin;T=dal_sooobin;I=dalsooobin;W=www.onlysooobin.com","a:2:{s:1:"T";s:5:"43204";s:1:"I";s:6:"117707";}",160911
188,"Sunny Hill","써니힐","female","n",0,"2007","2017","K=Sunny_Hill;I=sunnyhill_offic","a:1:{s:1:"I";s:4:"1335";}",1335
189,"Super Junior","슈퍼주니어","male","n",0,"2005","","K=Super_Junior;F=superjunior;I=superjunior;W=superjunior.smtown.com;V=D744FD;VS=639;T=SJofficial","a:4:{s:2:"VS";i:457480;s:1:"T";s:6:"334966";s:1:"I";s:7:"1149560";s:1:"F";d:6000000;}",9310557
190,"Super Junior D&E","","male","n",189,"","","","",0
191,"Super Junior-M","","male","n",189,"","","","",0
192,"Suzy + Baekhyun","","coed","n",0,"","","","",0
193,"T-Ara","티아라","female","n",0,"2009","2017","K=T-ara;F=officialtara;V=FB875;VS=59","a:2:{s:2:"VS";i:1021574;s:1:"F";d:1000000;}",4163656
194,"T-ara + Davichi","","female","n",0,"","","","",0
195,"T-ara N4","","female","n",193,"","","","",0
196,"T.O.P.","최승현","male","y",28,"","","K=T.O.P_(rapper);I=choi_seung_hyun_tttop;T=choidot;F=choishdot;W=choiseunghyun.com","a:3:{s:1:"T";s:5:"70994";s:1:"F";d:3348;s:1:"I";s:7:"9042646";}",9116988
197,"Tablo","타블로","male","y",57,"","","K=Tablo;I=blobyblo;T=blobyblo;I=blobyblo","a:3:{s:1:"T";s:7:"2334340";s:1:"F";d:953000;s:1:"I";s:7:"2524750";}",5848079
198,"Taemin","태민","male","y",172,"2014","","K=Lee_Tae-min;I=leetaemin_maknae;T=taeminbiased","a:2:{s:1:"T";s:6:"102190";s:1:"I";s:5:"97110";}",203267
199,"TAEYANG","동영배","male","y",28,"2008","","K=Taeyang;I=__youngbae__;F=TAEYANG;T=realtaeyang","a:3:{s:1:"T";s:7:"2962472";s:1:"F";d:7000000;s:1:"I";s:7:"9502648";}",19465120
200,"Taeyeon","태연","female","y",78,"2010","","K=Kim_Tae-yeon;I=taeyeon_ss;W=taeyeon.smtown.com;Y=UC5z2fxN6rs69cSyXur6X6Mg","a:2:{s:1:"Y";s:6:"196160";s:1:"I";s:8:"12780976";}",12977136
201,"Taeyeon + DEAN","","coed","n",0,"","","","",0
202,"Teen Top","틴탑","male","n",0,"2010","","K=Teen_Top;Y=UCzIrJF-paJrXpvdYpS5LnTw;F=TeenzOnTopOfficial;W=www.teentop.co.kr;I=teentop_2ch;V=FD045;VS=35;T=TEEN_TOP","a:5:{s:2:"VS";i:665947;s:1:"F";d:3000000;s:1:"Y";s:6:"622138";s:1:"I";s:6:"144922";s:1:"T";s:6:"648776";}",5082060
203,"The Ark","디아크","female","n",0,"2015","2016","T=TheArk_official;F=official.TheArk","a:2:{s:1:"T";s:3:"209";s:1:"F";d:161;}",372
204,"Tiffany","황미영","female","y",78,"2016","","K=Tiffany_Hwang;I=Tiffanyyoungofficial;T=tiffanyyoung;Y=UCSskZ5Xy7KIqauRYG_s-rLQ","a:3:{s:1:"T";s:6:"216245";s:1:"Y";s:6:"374943";s:1:"I";s:7:"6811668";}",7402856
205,"Trouble Maker","트러블 메이커","coed","n",0,"2011","2014","K=Trouble_Maker_(duo)","",0
206,"Turbo","터보","male","n",0,"1995","","K=Turbo_(South_Korean_band);I=kjk76;V=F5D12B;VS=150","a:2:{s:2:"VS";i:38553;s:1:"I";s:7:"2600381";}",2645914
207,"TVXQ!","동방신기","male","n",0,"2003","","K=TVXQ;T=tvxq;F=tvxq;W=tvxq.smtown.com;I=tvxq.official","a:3:{s:1:"T";s:6:"204953";s:1:"F";d:7000000;s:1:"I";s:6:"581944";}",7786897
208,"Twice","트와이스","female","n",0,"2015","","K=Twice_(band);Y=UCzgxx_DM2Dcb9Y1spb9mUJA;F=JYPETWICE;I=twicetagram;W=twice.jype.com;V=EDBF;VS=6;T=jypetwice","a:5:{s:2:"VS";i:4161501;s:1:"F";d:3000000;s:1:"Y";s:7:"3246856";s:1:"I";s:7:"6922600";s:1:"T";s:7:"2868692";}",20199649
209,"Two X","투엑스","female","n",0,"2012","","K=Two_X;Y=UCqvceFHDMYDyzwtMQG6NiQA;T=twox_intlfanc","a:2:{s:1:"T";s:3:"190";s:1:"Y";s:4:"6659";}",6849
210,"U-Kiss","유키스","male","n",0,"2008","","K=U-KISS;I=ukiss_jun97;F=ukiss;T=ukisskorea","a:3:{s:1:"F";d:4000000;s:1:"I";s:6:"293128";s:1:"T";s:6:"480533";}",4773661
211,"U-Know","유노윤호","male","y",207,"","","","",0
212,"Uniq","유니크","male","n",0,"","","K=Uniq_(band);I=official_uniq5;T=uniq_5;F=official.UNIQ5;V=F88D5;VS=107","a:4:{s:2:"VS";i:251413;s:1:"T";s:6:"131787";s:1:"F";d:25586;s:1:"I";s:5:"86470";}",496962
213,"UP10TION","업텐션","male","n",0,"2015","","K=UP10TION;T=up10tion;I=u10t_official;F=UP10TION;V=FCF47;VS=36","a:4:{s:2:"VS";i:525901;s:1:"T";s:6:"378644";s:1:"F";d:250000;s:1:"I";s:6:"145847";}",1304346
214,"Urban Zakapa","어반자카파","coed","n",0,"","","K=Urban_Zakapa;F=urbanzakapa.page","a:1:{s:1:"F";d:540000;}",543776
215,"VIXX","빅스","male","n",0,"2012","","K=VIXX;T=RealVIXX;F=RealVIXX;I=vixx_stargram;V=FE41D;VS=15","a:4:{s:2:"VS";i:1546406;s:1:"T";s:7:"1110219";s:1:"F";d:1000000;s:1:"I";s:6:"849530";}",4528648
216,"Wendy + Eric Nam","","coed","n",0,"","","","",0
217,"Winner","위너","male","n",0,"2014","","K=Winner_(band);T=yginnercircle;I=winnercity;F=OfficialYGWINNER;Y=UCayQxFAoFCvGariuQCtHRGQ;V=FDC2D;VS=23","a:5:{s:2:"VS";i:2320816;s:1:"T";s:6:"252756";s:1:"F";d:8000000;s:1:"Y";s:7:"2245844";s:1:"I";s:7:"1267333";}",14086749
218,"WJSN","우주소녀","female","n",0,"2016","","K=Cosmic_Girls;F=officialcosmicgirls;T=WJSN_Cosmic;I=wjsn_cosmic;V=F5F127;VS=148","a:4:{s:2:"VS";i:312362;s:1:"T";s:6:"172163";s:1:"F";d:176000;s:1:"I";s:6:"529102";}",1189627
219,"Wonder Girls","원더걸스","female","n",0,"2007","2017","K=Wonder_Girls;T=wondergirls;F=wondergirlsworld;V=F05F;VS=3","a:3:{s:2:"VS";i:681004;s:1:"T";s:6:"530276";s:1:"F";d:7000000;}",8218035
220,"Yesung","김종운","male","y",189,"","","K=Yesung;I=yesung1106;T=shfly3424;W=yesung.smtown.com","a:2:{s:1:"T";s:7:"5101170";s:1:"I";s:7:"4634819";}",9789430
221,"Yezi","예지","female","y",66,"","","K=Yezi;I=yeziyaziiii;T=fiestar__yezi","a:2:{s:1:"T";s:5:"20998";s:1:"I";s:5:"27384";}",48635
222,"Yoona + 10cm","","coed","n",0,"","","","",0
223,"Yuri + Seohyun","","female","n",78,"","","","",0
224,"ZE:A","제국의 아이들","male","n",0,"2010","","K=ZE:A;T=zea_9","a:1:{s:1:"T";s:6:"158268";}",158841
225,"Zico","지코","male","y",32,"","","K=Zico_(rapper);I=woozico0914;T=zico92","a:2:{s:1:"T";s:7:"1136845";s:1:"I";s:7:"3426069";}",4562914
226,"Zion.T","자이언티","male","y",0,"2011","","K=Zion.T;I=ziont;T=SkinnyRed","a:2:{s:1:"T";s:6:"241654";s:1:"I";s:7:"1599213";}",1840867
227,"Hyolyn + Changmo","","coed","n",0,"2017","","","",0
228,"Minzy","공민지","female","y",4,"2017","","K=Minzy;I=_minzy_mz;F=officialminzy;T=mingkki21;V=F081D5;VS=235;W=themusicworks.co.kr/kongminzy/introduce/","a:4:{s:2:"VS";i:142311;s:1:"T";s:7:"2429503";s:1:"F";d:71296;s:1:"I";s:7:"2539086";}",5199113
229,"Berry Good","베리굿","female","y",0,"2014","","K=Berry_Good;T=berrygood2014;W=cafe.daum.net/BerryGood;F=Berrygoodofficial;V=E982B5;VS=347;I=berrygood_official;Y=UCuis1ZmbYTt5GP6yszCC0EQ","a:5:{s:2:"VS";i:37376;s:1:"T";s:5:"13337";s:1:"F";d:36267;s:1:"Y";s:5:"56121";s:1:"I";s:6:"127703";}",319032
230,"Nell","넬","male","n",0,"2001","","K=Nell_(band);T=nellband;F=NellHome;I=spacebohemians;U=nellhome;V=FB777;VS=60","a:5:{s:2:"VS";i:139207;s:1:"T";s:4:"3157";s:1:"F";d:18428;s:1:"Y";s:5:"29700";s:1:"I";s:4:"9716";}",200208
231,"Heize","헤이즈","female","y",0,"2014","","K=Heize;F=HeizeOfficial;T=heize_official","a:2:{s:1:"T";s:5:"10162";s:1:"F";d:44883;}",55045
232,"CocoSori","코코소리","female","n",0,"2016","","K=CocoSori;F=cocosori22;T=cocosori22;I=cocosori22;Y=UC1uulNFLbUXImZLzlfeWlcw;V=D005E5;VS=755","a:5:{s:1:"T";s:4:"3708";s:1:"F";d:79217;s:2:"VS";i:3688;s:1:"Y";s:5:"36104";s:1:"I";s:4:"9696";}",132413
233,"Mixx","","female","n",0,"2016","2017","","",0
234,"Tahiti","타히티","female","n",0,"2012","2018","K=Tahiti_(band)","",0
235,"NC.A","임소은","female","y",0,"2013","","K=NC.A;I=love_nca;T=lovenca;F=LoveNCA","a:3:{s:1:"T";s:5:"24284";s:1:"F";d:20523;s:1:"I";s:5:"55163";}",100034
236,"Royal Pirates","로열 파이럿츠","male","n",0,"2013","","F=royalpirates;K=Royal_Pirates;T=royalpirates;I=official_royalpirates","a:3:{s:1:"T";s:5:"18856";s:1:"F";d:84822;s:1:"I";s:5:"14482";}",119621
237,"Gummy","박지연","female","y",0,"2003","","K=Gummy_(singer);F=cjes.gummy","a:1:{s:1:"F";d:40023;}",40023
239,"MelodyDay","멜로디데이","female","n",0,"2012","","K=Melody_Day_(band);F=MelodyDay225;T=melodyday225;W=www.melodyday.co.kr;I=meldy.gram;V=F0D1CB;VS=230","a:4:{s:2:"VS";i:40662;s:1:"T";s:4:"6068";s:1:"F";d:267000;s:1:"I";s:5:"11726";}",327962
240,"Song Ji Eun","송지은","female","y",168,"2009","","K=Song_Ji-eun","a:1:{s:1:"I";s:6:"514659";}",514659
241,"15&","피프틴앤드","female","n",0,"2012","","W=15and.jype.com;T=15andOfficial;K=15%26;F=15andOfficial","a:2:{s:1:"T";s:6:"134487";s:1:"F";d:274000;}",410052
242,"Baek Yerin","백예린","female","y",241,"2012","","K=Baek_Ye-rin","",0
243,"RaNia","라니아","female","n",0,"2011","2016","K=Rania_(band);T=drmusic_rania;I=rania_official","a:2:{s:1:"T";s:4:"6989";s:1:"I";s:4:"1184";}",8299
244,"BP Rania","라니아","female","n",243,"2017","","","",0
245,"Romeo","로미오","male","n",0,"2015","","K=Romeo_(band);F=teamct.romeo;T=teamct_romeo;I=ct.romeo;V=EA529B;VS=334","a:4:{s:2:"VS";i:65611;s:1:"T";s:5:"49497";s:1:"F";d:95905;s:1:"I";s:4:"2758";}",214120
246,"Snuper","스누퍼","male","n",0,"2015","","K=Snuper;W=snuper.kr;F=SNUPER6;T=snuper6;I=snuper6;V=F141BD;VS=223","a:4:{s:2:"VS";i:86503;s:1:"T";s:5:"26239";s:1:"F";d:75930;s:1:"I";s:5:"83786";}",272458
247,"Sungyeol","이성열","male","y",96,"2012","","K=Lee_Sung-yeol;I=leeseongyeol_1991;T=seongyeol1991","a:2:{s:1:"T";s:6:"992039";s:1:"I";s:6:"559672";}",1573791
248,"AOA Black","","female","n",16,"2013","","","",0
249,"JeA","","female","y",37,"2006","","K=JeA","",0
250,"Triple H","트리플 H","coed","n",93,"2017","","K=Triple_H_(band);W=cubeent.co.kr/tripleh;I=cube_triple_h","a:1:{s:1:"I";s:6:"314664";}",321607
251,"Sohee","안소희","female","y",219,"2017","","K=Ahn_So-hee;T=wgsohee;I=ssoheean;F=AhnSohee0627","a:3:{s:1:"T";s:6:"625844";s:1:"F";d:10348;s:1:"I";s:6:"320036";}",974984
252,"Elris","엘리스","female","n",0,"2017","","K=Elris;F=elris.official;W=cafe.daum.net/elris.official;T=hunus_elris;V=DED40B;VS=518;I=hunus_elris;Y=UC-MRBhuTep3dzojQd5RvoFA","a:5:{s:2:"VS";i:21125;s:1:"T";s:5:"19231";s:1:"F";d:14888;s:1:"Y";s:5:"33399";s:1:"I";s:5:"29946";}",118589
253,"Hyoyeon","","female","y",78,"2016","","","",0
254,"NC.A + Sugarbowl","","coed","n",235,"2017","","","",0
255,"Jeong Eunji","정은지","female","y",18,"2016","","K=Jung_Eun-ji;T=apinkjej","a:1:{s:1:"T";s:6:"324853";}",330334
256,"Jessi","제시","female","y",0,"2005","","K=Jessi_(musician);F=jessihomusic;T=jessihoempire;V=FC757;VS=44","a:3:{s:2:"VS";i:470400;s:1:"T";s:4:"2085";s:1:"F";d:46549;}",519034
257,"Busker Busker","버스커 버스커","male","n",0,"2011","2013","K=Busker_Busker;T=busker_brad","a:1:{s:1:"T";s:5:"24153";}",24867
258,"Lee Sun Hee","이선희","female","y",0,"1984","","K=Lee_Sun-hee_(singer)","",0
259,"Rain","비","male","n",0,"2002","","K=Rain_(entertainer);I=rain_oppa;T=29rain;F=raincompanyrain;V=F8EC9;VS=101","a:4:{s:2:"VS";i:240855;s:1:"T";s:6:"399754";s:1:"F";d:788000;s:1:"I";s:7:"1064934";}",2499773
260,"Kim Sung Kyu","","male","y",96,"2010","","K=Kim_Sung-kyu;T=kyuzizi","a:1:{s:1:"T";s:6:"761659";}",761659
261,"XIA","김준수","male","y",111,"2010","","K=Kim_Junsu;T=1215thexiahtic;I=xiaxiaxia1215","a:2:{s:1:"T";s:6:"589951";s:1:"I";s:6:"411604";}",1005641
262,"Younha","고윤하","female","y",0,"","","K=Younha;I=younha_holic;T=younhaholic;F=officialyounha;V=FC261;VS=49","a:4:{s:2:"VS";i:217824;s:1:"T";s:6:"275318";s:1:"F";d:65125;s:1:"I";s:6:"121319";}",680097
263,"PSY + Taeyang","","male","n",158,"2017","","","",0
264,"Rap Monster","김남준","male","n",40,"2013","","K=RM_(rapper)","",0
265,"Wanna One","워너원","male","n",0,"2017","","K=Wanna_One;F=WannaOne.official;T=WannaOne_twt;I=wannaone.official;W=wannaonego.mwave.me;V=DCD44B;VS=550","a:4:{s:2:"VS";i:2091162;s:1:"T";s:7:"2899526";s:1:"F";d:931000;s:1:"I";s:7:"3775427";}",9697115
266,"Sechs kies","젝스키스","male","n",0,"1997","","K=Sechs_Kies;Y=UCcADqTjMyMol8B8mWm9n6rA;F=OfficialSECHSKIES;V=EFA1F1;VS=249","a:3:{s:2:"VS";i:149764;s:1:"F";d:72895;s:1:"Y";s:6:"203818";}",426477
267,"Momoland","모모랜드","female","n",0,"2016","","V=EF41FD;VS=255;1530686060461;T=mmld_official;K=Momoland;F=MOMOLANDOfficial;I=momoland_official","a:4:{s:2:"VS";i:299145;s:1:"T";s:6:"203874";s:1:"F";d:770000;s:1:"I";s:7:"1415363";}",2688382
268,"Sunmi","선미","female","y",219,"2013","","K=Sunmi;I=miyayeah;F=officialsunmi;T=miyaohyeah;V=DA6499;VS=589","a:4:{s:1:"T";s:6:"106263";s:1:"F";d:55946;s:1:"I";s:7:"3413262";s:2:"VS";i:136015;}",3711486
269,"VIXX LR","빅스 LR","male","n",215,"2017","","","",0
270,"SF9","에스에프나인","male","n",0,"2016","","K=SF9_(band);Y=UC8HNshpReWjQv1WpwzhPHjA;F=SF9official;T=SF9official;I=SF9official;W=www.fncent.com/SF9;V=ED7237;VS=284","a:5:{s:2:"VS";i:398455;s:1:"T";s:6:"310885";s:1:"F";d:188000;s:1:"Y";s:6:"280095";s:1:"I";s:6:"241792";}",1419227
271,"Weki Meki","위키미키","female","n",94,"2017","","K=Weki_Meki;F=WekiMeki;T=WekiMeki;I=weki_meki;V=E3B36F;VS=440","a:4:{s:2:"VS";i:201867;s:1:"T";s:5:"97349";s:1:"F";d:49404;s:1:"I";s:6:"295807";}",644427
272,"Rainz","레인즈","male","n",0,"2017","","K=Rainz_(band);T=rainz_official;I=rainz.official;V=D844DD;VS=623","a:3:{s:2:"VS";i:38158;s:1:"T";s:5:"43708";s:1:"I";s:5:"87587";}",170264
273,"Solar","김용선","female","y",138,"2015","","K=Solar_(singer)","",0
274,"JBJ","제이비제이","male","n",0,"2017","","K=JBJ_(band);F=JBJofficial787;T=jbjofficial787;V=D864D9;VS=621;I=jbjofficial787","a:4:{s:2:"VS";i:364473;s:1:"T";s:6:"303630";s:1:"I";s:6:"342884";s:1:"F";d:95223;}",1110564
275,"The Rose","더 로즈","male","n",0,"2017","","K=The_Rose_(band);T=band_therose;I=official_therose;F=bandtherose;Y=UClcbcYLmTpDeuK1EFeqh5uA;V=D69513;VS=650","a:5:{s:2:"VS";i:78482;s:1:"T";s:3:"397";s:1:"F";d:38506;s:1:"Y";s:6:"114521";s:1:"I";s:5:"90822";}",322728
276,"Jeon Soyeon","전소연","female","y",292,"2017","","K=Jeon_So-yeon","",0
277,"Samuel","사무엘","male","n",0,"2015","","K=Samuel_(singer);F=braveentsamuel;I=bravpunxh;T=bravepunch0117;V=DD443D;VS=543","a:4:{s:2:"VS";i:375266;s:1:"T";s:5:"60065";s:1:"F";d:356000;s:1:"I";s:7:"1725992";}",2517323
278,"Soyou + Sung Si Kyung","","coed","n",178,"2017","","","",0
279,"Fromis 9","프로미스나인","female","n",0,"2017","","K=Fromis_9;F=officialfromis9;T=officialfromis9;V=D5E529;VS=661","a:3:{s:2:"VS";i:95990;s:1:"T";s:4:"3176";s:1:"F";d:168000;}",267166
280,"Pentagon","펜타곤","male","n",0,"2017","","K=Pentagon_(South_Korean_band);V=F2C18D;VS=199;T=cube_ptg;Y=UCw4NcAAtRsjL-cGlBrUnMTQ;F=pentagon.unitedcube;I=CUBE_PTG","a:5:{s:2:"VS";i:642801;s:1:"T";s:6:"489074";s:1:"F";d:161000;s:1:"Y";s:6:"511185";s:1:"I";s:6:"585875";}",2389935
281,"Suzy","수지","female","y",0,"2016","","K=Bae_Suzy;Y=UC7ukOKu7-6G-m5d4hOXrhfQ;F=JYPESuzy;I=skuukzky;T=jypnation","a:4:{s:1:"T";s:7:"3001276";s:1:"F";d:54438;s:1:"Y";s:6:"101628";s:1:"I";s:7:"8978874";}",12155422
282,"Laysha","레이샤","female","n",0,"2015","","F=onlylaysha;I=layshaofficial","a:2:{s:1:"F";d:13058;s:1:"I";s:5:"12936";}",25994
283,"The Boyz","더보이즈","male","n",0,"2017","","V=DE341F;VS=528;F=officialTHEBOYZ;T=Creker_THEBOYZ;I=official_theboyz;Y=UCkJ1rbOrsyPfBuHNfnLPm-Q;W=The_Boyz_(South_Korean_band)","a:5:{s:2:"VS";i:230507;s:1:"T";s:6:"165032";s:1:"F";d:196000;s:1:"Y";s:6:"183703";s:1:"I";s:6:"430234";}",1223799
284,"Holland","홀랜드","male","y",0,"2018","","K=Holland;T=holland_vvv;F=hollandofficial","a:2:{s:1:"T";s:6:"275379";s:1:"F";d:35445;}",310916
285,"Hong Jin Young","홍진영","female","y",0,"2009","","K=Hong_Jin-young;T=sambahong;F=sambahong;V=F9DAB;VS=86","a:3:{s:2:"VS";i:190054;s:1:"T";s:5:"60636";s:1:"F";d:5056;}",256422
286,"Honey Popcorn","허니팝콘","female","n",0,"2017","","K=Honey_Popcorn;I=honey_popcorn314;Y=UCriAcft648ENclJSwPFUTAg","a:2:{s:1:"Y";s:4:"8111";s:1:"I";s:5:"11084";}",19201
287,"Hwasa","화사","female","y",138,"2016","","","",0
288,"Stray Kids","스트레이 키즈","male","n",0,"2017","","K=Stray_Kids;V=D7A4F1;VS=633;T=stray_kids;F=JYPEStrayKids;I=realstraykids;Y=UC9rMiEjNaCSsebs31MRDCRA;W=straykids.jype.com","a:5:{s:2:"VS";i:788158;s:1:"T";s:6:"690588";s:1:"F";d:266000;s:1:"Y";s:6:"905555";s:1:"I";s:7:"2223543";}",4873844
289,"WheeIn","휘인","female","y",138,"2017","","","",0
290,"MeloMance","멜로망스","male","n",0,"2015","","K=MeloMance;I=melomance_official","a:1:{s:1:"I";s:5:"42486";}",42716
291,"Bolbbalgan4","볼빨간사춘기","female","n",0,"2016","","T=bolbbalgan4;V=F38175;VS=187;K=Bolbbalgan4;F=bolbbalgan4;I=hey_miss_true","a:4:{s:2:"VS";i:23541;s:1:"T";s:5:"19511";s:1:"F";d:246000;s:1:"I";s:6:"236669";}",526120
292,"(G)I-dle","(여자)아이들","female","n",0,"2018","","T=G_I_DLE;F=G.I.DLE.CUBE;V=CE2621;VS=785;K=(G)I-DLE;I=official_g_i_dle;Y=UCritGVo7pLJLUS8wEu32vow","a:5:{s:2:"VS";i:206636;s:1:"T";s:6:"217698";s:1:"F";d:111000;s:1:"I";s:7:"1528119";s:1:"Y";s:6:"583619";}",2647072
293,"VAV","브이에이브이","male","n",0,"2015","","K=VAV_(band);T=VAV_official;I=vav_official;V=E6A311;Y=UCAogbKfNxlAKxzBXFHB8i5g;VS=393","a:4:{s:2:"VS";i:74418;s:1:"T";s:5:"50140";s:1:"Y";s:6:"349421";s:1:"I";s:6:"368453";}",842432
294,"Moon Byul + Seulgi","문별 + 슬기","female","n",138,"2018","","","",0
295,"UNI.T","유니티","female","n",0,"","","K=Uni.T;T=official_uni_t;F=officialpage.uni.t;I=official_uni_t;V=CF0605;VS=771","a:4:{s:2:"VS";i:36028;s:1:"T";s:5:"23350";s:1:"F";d:24345;s:1:"I";s:5:"80145";}",163925
296,"Moon Byul","문별","female","y",138,"2018","","K=Moonbyul","a:1:{s:1:"I";s:6:"146211";}",146211
297,"Pristin V","프리스틴 V","female","n",156,"2018","","","",0
299,"Soyou + Henry","","coed","n",178,"2016","2016","","",0
300,"Soyou + Giriboy + Kihyun","","coed","n",0,"2015","2015","","",0
301,"Hyolyn + Kisum","","female","n",0,"2017","2017","","",0
302,"NU&#39;EST W","뉴이스트 W","male","n",151,"2018","","","",0
303,"Yubin","유빈","female","y",219,"2018","","W=yubin.jype.com;T=Yubinofficial","a:1:{s:1:"T";s:6:"533935";}",544851
304,"Minseo","민서","female","y",0,"2018","","","",0
305,"Gugudan Oguogu","구구단 오구오구","female","n",81,"2017","","","",0
306,"Yuju","유주","female","y",76,"2018","","","",0
307,"Kyungri","경리","female","y",9,"2018","","T=ICE_Gang;I=gyeongree;","a:2:{s:1:"T";s:5:"92148";s:1:"I";s:6:"706536";}",798684
308,"NCT 2018","엔시티 2018","male","n",150,"2018","","","",0
309,"Gugudan Semina","구구단 세미나","female","n",81,"2018","","","",0
310,"Bolbbalgan4 + 20 Years of Age","볼빨간사춘기 + 스무살","coed","n",291,"2017","","","",0
311,"20 years of age","스무살","male","y",0,"2017","","","",0
312,"Chung ha","김찬미","female","y",94,"2016","","K=Kim_Chung-ha;I=chungha_official;W=cafe.daum.net/MNH-Chungha;V=E3437D;VS=447","a:3:{s:2:"VS";i:147379;s:1:"T";s:4:"6287";s:1:"I";s:7:"1162957";}",1310336
313,"KNK","크나큰","male","n",0,"2016","","K=KNK_(band);T=KNK_OfficiaI;I=knk_official_knk;F=knkofficial.ynb;Y=UCY-ES-QqCFC-xhRTyTsB-xw","a:4:{s:1:"T";s:6:"156815";s:1:"F";d:62096;s:1:"Y";s:6:"168596";s:1:"I";s:6:"180197";}",569230
314,"Madtown","매드타운","male","n",0,"2014","2017","T=madtown_gni;I=madtown_gni;F=madtown1006;K=Madtown;V=F6B10F;VS=136","a:4:{s:2:"VS";i:181778;s:1:"T";s:5:"39057";s:1:"F";d:21511;s:1:"I";s:5:"46400";}",291550
315,"Victon","빅톤","male","n",0,"","","K=Victon;T=VICTON1109;I=victon1109;F=VICTON1109;Y=UCQ7a83KJBE7w_txsT7VaJ8g;V=ECB24F;VS=296","a:5:{s:2:"VS";i:181121;s:1:"T";s:6:"107353";s:1:"F";d:84594;s:1:"Y";s:6:"116802";s:1:"I";s:6:"122251";}",612121
316,"LOOΠΔ","이달의 소녀","female","n",0,"2016","","K=Loona_(band);F=loonatheworld;T=loonatheworld;I=loonatheworld;Y=UCOJplhB0wGQWv9OuRmMT-4g;V=E1F3A7;VS=468","a:5:{s:2:"VS";i:108034;s:1:"T";s:6:"213944";s:1:"F";d:80378;s:1:"I";s:6:"361186";s:1:"Y";s:6:"457300";}",1220842
317,"Stella Jang","스텔라 장","female","y",0,"","","I=interstellajang","a:1:{s:1:"I";s:5:"17855";}",17855
318,"Drug Restaurant","드럭 레스토랑","male","n",0,"2015","","F=drugrestaurant;T=official_JYrock;U=officialjyrock;K=Drug_Restaurant;V=F75FB;VS=126","a:4:{s:2:"VS";i:171735;s:1:"T";s:5:"42868";s:1:"F";d:12961;s:1:"Y";s:5:"36214";}",263520
319,"Golden Child","골든 차일드","male","n",0,"2017","","K=Golden_Child_(band);T=Hi_Goldenness;F=gncd11;I=official_gncd11;V=E093D3;VS=490","a:4:{s:2:"VS";i:176293;s:1:"T";s:5:"44579";s:1:"F";d:62078;s:1:"I";s:6:"151141";}",434091
320,"MXM","엠엑스엠","male","n",0,"2017","","K=MXM_(musical_duo);F=bnmboysofficial;T=bnmboysofficial;I=bnmboysofficial;V=DC6459;VS=557","a:4:{s:2:"VS";i:160557;s:1:"T";s:6:"279524";s:1:"F";d:55997;s:1:"I";s:6:"365379";}",861457
321,"Fly to the Sky","플라이투더스카이","male","n",0,"1999","","F=FLYTOTHESKYofficial;I=ftts_official;U=H2media2011;V=FC35F;VS=48;K=Fly_to_the_Sky","a:4:{s:2:"VS";i:153729;s:1:"F";d:18413;s:1:"Y";s:5:"27755";s:1:"I";s:5:"10104";}",210001
322,"B.I.G","비아이지","male","n",0,"2014","","K=B.I.G_(band);T=big_ghofficial;I=big_official_insta;F=big.GHofficial;V=F58135;VS=155","a:4:{s:2:"VS";i:143415;s:1:"T";s:5:"47998";s:1:"F";d:235000;s:1:"I";s:5:"59237";}",485650
323,"IN2IT","인투잇","male","n",0,"2016","","K=IN2IT;F=official.IN2IT;T=Official_IN2IT;I=official_in2it;Y=UC4_FlqZHf6zWPyaQpmPXChQ;V=EFF1E7;VS=244","a:5:{s:2:"VS";i:122886;s:1:"T";s:5:"46052";s:1:"F";d:80906;s:1:"Y";s:5:"74066";s:1:"I";s:5:"89736";}",413646
324,"Taeyeon + MeloMance","","coed","n",0,"2018","","","",0
325,"Imfact","임팩트","male","n",0,"2016","","K=Imfact;W=imfact.net;T=imfactofficial;I=official_imfact;F=officialimfact;V=F28195;VS=203","a:4:{s:2:"VS";i:103678;s:1:"T";s:5:"32317";s:1:"F";d:66733;s:1:"I";s:5:"62558";}",265286
326,"Double S 301","더블에스301","male","n",185,"2016","","F=DoubleS301.official;V=F6411D;VS=143","a:2:{s:2:"VS";i:94594;s:1:"F";d:59350;}",153944
327,"Oh My Girl Banhana","오마이걸 반하나","female","n",152,"2018","","","",0
328,"UNB","유앤비","male","n",0,"2018","","K=UNB_(group);F=officialpage.un.b;T=official_UN_B;I=official_un_b;V=CF1603;VS=770","a:4:{s:2:"VS";i:102806;s:1:"T";s:5:"70273";s:1:"F";d:55443;s:1:"I";s:6:"221862";}",450384
329,"Girls' Generation Oh!GG","소녀시대 Oh!GG","female","n",78,"2018","","","",0
330,"GWSN","공원소녀","female","n",0,"2018","","T=kiwipop_gwsn;I=kiwipop_gwsn;Y=UCUT58qBbE4Y3Y4FClOJOfrg;F=kiwipop.gwsn;V=C39773;VS=954","a:5:{s:2:"VS";i:12137;s:1:"T";s:5:"36359";s:1:"F";d:21545;s:1:"Y";s:5:"76222";s:1:"I";s:5:"90625";}",236888
331,"MFBTY","MFBTY","coed","n",0,"2013","","F=BizzyTigerYoonmirae;T=officialmfbty;V=FB57B;VS=62","a:3:{s:2:"VS";i:93063;s:1:"T";s:4:"4880";s:1:"F";d:7652;}",105666
332,"A.C.E","에이스","male","n",0,"2017","","K=A.C.E_(South_Korean_band);W=stayge.net/ace/","",0
333,"Yuri","유리","female","y",78,"2018","","","",0
334,"John Legend + Wendy","John Legend + 웬디","coed","n",165,"2018","","","",0
335,"Seulgi + SinB + Chung Ha + Soyeon","슬기 + 신비 + 청하+ 소연","female","n",0,"2018","","","",0
336,"Lyn + Leo","린 + 레오","coed","n",0,"2014","","","",0
337,"IZ*ONE","아이즈원","female","n",0,"2018","","","",0
338,"Marmello","마르멜로","female","n",0,"2017","","T=MARMELLO_band;I=band_marmello;F=marmell5;Y=UCNamsZS_BRk6jC7ClopaBtQ","a:3:{s:1:"T";s:4:"2629";s:1:"F";d:10433;s:1:"I";s:4:"6388";}",19450
339,"Purfles","퍼펄즈","female","n",0,"2014","","T=cresc_purfles;I=purfles_official;F=Purfles;U=officialPurfles","a:4:{s:1:"T";s:4:"1694";s:1:"F";d:5635;s:1:"Y";s:5:"18833";s:1:"I";s:4:"2042";}",28204
340,"Playback","플레이백","female","n",0,"2015","","F=followplayback;T=FOLLOWPLAYBACK;I=followplayback;V=E66319;VS=397","a:4:{s:2:"VS";i:27117;s:1:"T";s:4:"7088";s:1:"F";d:17378;s:1:"I";s:5:"33621";}",85237
341,"N.Flying","엔플라잉","male","n",0,"2015","","T=NFlyingofficial;I=letsroll_nf;F=Officialnflying;V=FC065;VS=61;U=nflyingofficial","a:5:{s:2:"VS";i:100961;s:1:"T";s:5:"62081";s:1:"F";d:158000;s:1:"Y";s:5:"84103";s:1:"I";s:5:"94244";}",499389
342,"Brown Eyed Soul","브라운 아이드 소울","male","n",0,"2003","","K=Brown_Eyed_Soul_(band)","",0
343,"SeeYa","씨야","female","n",0,"2006","2011","K=SeeYa","",0
344,"Shin Seung-hun","신승훈","male","y",0,"1990","","K=Shin_Seung-hun;W=www.shinseunghun.com","",0
345,"Kim Bo Kyung","김보경","female","y",0,"2010","","I=sssbkkk;U=KimBoKyungVEVO;T=SSSBKKK","a:3:{s:1:"T";s:4:"5738";s:1:"Y";s:4:"4112";s:1:"I";s:4:"6044";}",15894
346,"Baek Ji-young","백지영","female","y",0,"1999","","I=baekzyoung;K=Baek_Ji-young","",0
347,"Park Hyo-shin","박효신","male","y",0,"1999","","I=parkhyoshin.official;K=Park_Hyo-shin","a:1:{s:1:"I";s:6:"230168";}",230168
348,"Navi","나비","female","y",0,"2008","","F=jiho.an.3;T=Navi_JIHO;I=navi_jiho","a:2:{s:1:"T";s:5:"47753";s:1:"I";s:5:"37442";}",85195
349,"SG Wannabe","SG 워너비","male","n",0,"2004","","K=SG_Wannabe;F=OfficialSGWANNABE","",0
350,"Kan Mi Youn","간미연","female","y",0,"1997","","K=Kan Mi-youn","",0
351,"Kim Hyung-jun","김형준","male","y",185,"2008","","k=Kim_Hyung-jun","",0
352,"Wheesung","휘성","male","y",0,"2000","","K=Wheesung;Y=OfficialWheeSung","",0
353,"Yangpa","양파","female","y",0,"1996","","K=Yangpa","",0
354,"Yoonhan","윤한","male","y",0,"2011","","K=Yoonhan","",0
355,"Lena Park","박정현","female","y",0,"1998","","K=Lena_Park","",0
356,"Monday Kiz","먼데이 키즈","male","n",0,"2005","","K=Monday_Kiz_(band)","",0
357,"Heo Young-saeng","허영생","male","y",185,"2008","","K=Heo_Young-saeng;I=youngsaeng17;T=mystyle1103","",0
358,"Lim Jeong-hee","임정희","female","y",0,"2005","","K=Lim_Jeong-hee","",0
359,"Supreme Team","슈프림팀","male","n",0,"2009","2013","K=Supreme_Team_(band)","",0
360,"Gavy NJ","가비엔제이","female","n",0,"2005","","K=Gavy_NJ","",0
361,"Key","김기범","male","n",172,"2018","","K=Key_(entertainer)","",0
362,"Wendy","손승완","female","y",165,"2018","","K=Wendy_(singer)","",0
363,"Kim Hyun-joong","김현중","male","y",185,"2011","","K=Kim_Hyun-joong;I=hyunjoong860606;F=kimhyunjoong;U=kimhyunjoong606","",0
364,"4Men","포맨","male","n",0,"1998","","K=4Men;I=VoiceOf4Men","",0
365,"Kim Bum-soo","김범수","male","y",0,"1999","","K=Kim_Bum-soo","",0
366,"Jennie","김제니","female","y",31,"2018","","K=Jennie_Kim","",0
367,"Eru","이루","male","y",0,"2005","","K=Eru_(singer)","",0
368,"Hyoyeon + 3Lau","","coed","n",78,"2018","","","",0
# -- end artists --
